contract,functions,requires_proof,capabilities,actions,parameters,circuits,trees,typed_capability_fields,trust_tier_shown,capability_names
attestation,14,10,3,5,0,10,6,True,GENESIS,attestation claim delegation
auction,6,6,3,0,0,6,4,False,UNVERIFIED,seller bidder_active bidder_outbid
baccarat,5,4,2,0,0,4,4,False,UNVERIFIED,player banker
bearer_bond,9,6,1,0,0,4,7,False,UNVERIFIED,bond_holder
betting_stake,5,5,1,0,0,5,4,False,UNVERIFIED,staker
box,3,2,1,2,2,2,3,True,GENESIS,box_capability
bridge,3,2,0,0,0,2,4,False,UNVERIFIED,
dao_escrow,10,6,3,0,0,5,6,False,UNVERIFIED,creator governance_group member
darkbet_exchange,11,10,5,0,0,10,8,False,UNVERIFIED,creator backer layer lp_provider oracle
darktoshi_dice,5,4,2,0,0,4,4,False,UNVERIFIED,player house
deployooor,2,0,1,2,0,0,2,True,GENESIS,deployment_right
dex,9,8,2,3,0,8,4,False,UNVERIFIED,proposer acceptor
drain_protection,9,9,1,0,0,9,7,False,UNVERIFIED,fund_owner
escrow,6,5,2,0,0,5,4,False,UNVERIFIED,creator counterparty
game_room,12,12,2,0,0,12,7,False,UNVERIFIED,host player
identity,8,2,0,0,0,2,6,False,GENESIS,
insurance_market,16,4,0,0,0,4,7,False,UNVERIFIED,
labor_market,15,10,0,0,0,11,4,False,UNVERIFIED,
lottery,6,2,2,0,0,5,7,False,UNVERIFIED,operator ticket_holder
multisig,4,3,3,3,0,3,3,True,GENESIS,group_membership partial_signature approval
native_token,8,4,1,3,0,3,7,True,GENESIS,commitment
oracle,6,6,5,5,0,6,3,True,GENESIS,oracle_registration oracle_value attestation aggregate value_commitment
otc_swap,5,4,2,0,0,4,3,False,UNVERIFIED,proposer acceptor
pool_stake,9,4,1,0,0,4,5,False,UNVERIFIED,pool_staker
promissory_note,6,6,3,6,6,5,7,True,GENESIS,note mint_authority receipt
purse,4,3,1,3,3,3,3,True,GENESIS,purse_capability
relayer_endowment,8,3,2,0,0,3,4,False,UNVERIFIED,relayer backer_endowment
roulette,5,4,2,0,0,4,5,False,UNVERIFIED,player house
slot,5,3,2,0,0,3,5,False,UNVERIFIED,player house
stablecoin,12,11,0,0,0,11,7,False,UNVERIFIED,
subscription,7,5,1,0,0,5,4,False,UNVERIFIED,subscriber
tender,9,5,0,0,0,5,4,False,UNVERIFIED,
