max_age_blocks,reads,accepted,stale_accepted,false_rejected,stale_rate,false_reject_rate
none,6666,6666,1052,0,0.1578,0.0000
1,6666,1074,3,4543,0.0005,0.6815
2,6666,1500,8,4122,0.0012,0.6184
3,6666,1884,17,3747,0.0026,0.5621
5,6666,2587,36,3063,0.0054,0.4595
8,6666,3422,78,2270,0.0117,0.3405
10,6666,3871,110,1853,0.0165,0.2780
15,6666,4662,203,1155,0.0305,0.1733
20,6666,5203,304,715,0.0456,0.1073
30,6666,5830,546,330,0.0819,0.0495
40,6666,6266,787,135,0.1181,0.0203
60,6666,6587,998,25,0.1497,0.0038
